Troupe,title_english,title_japanese,title_romaji,Venue,Director,Author,Composer,Choreographer,top_star,num_in_run,top_musume,num_in_run,lead,one_act,two_act,special,dinner_show,genre,adaption,adaption_from,revival,previous_revival_troupe,Start Day,Start Month,Start Year,End Day,End Month,End Year
Senka. Cosmos,Todoroki Yuu Dinner Show - The way Yu are,轟悠ディナーショー 「The way Yu are」,Todoroki Yuu Dinner Show - The way Yu are,Hotel Hankyu International,Sakai Sumio,N/A,Yoshida Yuuko,Wakao Risa,N/A,0,N/A,0,Todoroki Yuu,FALSE,FALSE,FALSE,TRUE,N/A,FALSE,FALSE,FALSE,FALSE,26,12,2002,28,12,2002
Senka. Cosmos,Todoroki Yuu Dinner Show - The way Yu are,轟悠ディナーショー 「The way Yu are」,Todoroki Yuu Dinner Show - The way Yu are,Tokyo Palace Hotel,Sakai Sumio,N/A,Yoshida Yuuko,Wakao Risa,N/A,0,N/A,0,Todoroki Yuu,FALSE,FALSE,FALSE,TRUE,N/A,FALSE,FALSE,FALSE,FALSE,14,12,2002,16,12,2002
Cosmos,Miracle of the Holy Star,聖なる星の奇蹟 －いつか出会う君に－,Sei Naru Hoshi no Kiseki -Itsuka Deau Kimi ni-,Theater Drama City,Kodama Akiko,Kodama Akiko,N/A,N/A,Wao Youka,8,Hanafusa Mari,30,N/A,FALSE,TRUE,FALSE,FALSE,drama. time travel,FALSE,FALSE,FALSE,FALSE,20,12,2002,29,12,2002
Flower,Haruno Sumire Dinner Show - S (es),春野寿美礼ディナーショー「Ｓ【ｅｓ】」,Haruno Sumire Dinner Show - S (es),Hotel Grand Palace,Masatsuka Haruhiko,N/A,Takahashi Kuni,Iga Yuuko,N/A,0,N/A,0,Haruno Sumire,FALSE,FALSE,FALSE,TRUE,N/A,FALSE,FALSE,FALSE,FALSE,8,12,2002,9,12,2002
Flower,Juri Sakiho Dinner Show - Shine It On,樹里咲穂ディナーショー「Shine It On」,Juri Sakiho Dinner Show - Shine It On,Palace Hotel,Nakamura Kazunori,N/A,N/A,N/A,N/A,0,N/A,0,Juri Sakiho,FALSE,FALSE,FALSE,TRUE,N/A,FALSE,FALSE,FALSE,FALSE,5,12,2002,6,12,2002
Flower,Haruno Sumire Dinner Show - S (es),春野寿美礼ディナーショー「Ｓ【ｅｓ】」,Haruno Sumire Dinner Show - S (es),Hotel Hankyu International,Masatsuka Haruhiko,N/A,Takahashi Kuni,Iga Yuuko,N/A,0,N/A,0,Haruno Sumire,FALSE,FALSE,FALSE,TRUE,N/A,FALSE,FALSE,FALSE,FALSE,2,12,2002,3,12,2002
Flower. Snow. Cosmos,4th Akiko Kanda Lesson Recital,第4回アキコ・カンダ　レッスン発表会,Daiyonkai Akiko Kanda Lesson Happyoukai,Takarazuka Grand Theater,Akiko Kanda,Akiko Kanda,N/A,Akiko Kanda,N/A,0,N/A,0,N/A,FALSE,FALSE,TRUE,FALSE,dance,FALSE,FALSE,FALSE,FALSE,30,11,2002,30,11,2002
Flower,Juri Sakiho Dinner Show - Shine It On,樹里咲穂ディナーショー「Shine It On」,Juri Sakiho Dinner Show - Shine It On,Shin Hankyu Hotel,Nakamura Kazunori,N/A,N/A,N/A,N/A,0,N/A,0,Juri Sakiho,FALSE,FALSE,FALSE,TRUE,N/A,FALSE,FALSE,FALSE,FALSE,28,11,2002,29,12,2002
Star,The Glassy Landscape,ガラスの風景,Glass no Fuukei,Takarazuka Grand Theater,Sha Tamae,Shibata Yukihiro,Takahashi Kuni. Saitou Tsuneyoshi. Tama Shouichi,Sha Tamae,Kouju Tatsuki,5,Nagisa Aki,5,N/A,TRUE,FALSE,FALSE,FALSE,drama. italian. 70s,FALSE,FALSE,FALSE,FALSE,22,11,2002,24,11,2002
Star,Babylon,バビロン －浮遊する摩天楼－,Babylon -Fuyuu Suru Matenrou-,Takarazuka Grand Theater,Ogita Kouichi,Ogita Kouichi,Takahashi Kuni. Kai Masato. Saitou Tsuneyoshi,Iga Yuuko. Masaki Rino. Miori Yumino. Kawasaki Etsuko. Hirasawa Satoshi,Kouju Tatsuki,5,Nagisa Aki,5,N/A,TRUE,FALSE,FALSE,FALSE,revue. taidan,FALSE,FALSE,FALSE,FALSE,22,11,2002,24,12,2002
Moon,At the End of a Long Spring,長い春の果てに,Nagai Haru no Hate ni,Tokyo Takarazuka Theater,Ishida Masaya,Ishida Masaya,Nishimura Kouji,Ai Erina. Maeda Kiyomi,Shibuki Jun,6,Emi Kurara,6,N/A,TRUE,FALSE,FALSE,FALSE,drama. comedy. french,TRUE,film,FALSE,FALSE,15,11,2002,23,11,2002
Moon,With a Song in My Heart,With a Song in my Heart －君が歌、わが心に深く－,With a Song in My Heart -Kimi ga Uta. Waga Kokoro ni Fukaku-,Tokyo Takarazuka Theater,Okada Keiji,Okada Keiji,Yoshizaki Kenji. Takahashi Kuni. Kai Masato. Miyahara Tooru. Kikawada Shin,Hayama Kiyomi. Tsukasa Konomi. Ootani Morio. Muromachi Akane. Miori Yumino,Shibuki Jun,6,Emi Kurara,6,N/A,TRUE,FALSE,FALSE,FALSE,revue,TRUE,broadway,FALSE,FALSE,15,11,2002,23,12,2002
Snow,Hopscotch,ホップ スコッチ －Hopscotch　石けり－,Hopscotch -Ishikeri-,Nippon Seinenkan Hall,Oota Tetsunori,Oota Tetsunori,Yoshizaki Kenji. Maeda Shigezane. Kikawada Shin,Miyazaki Atsumi,N/A,0,N/A,0,Tatsuki You. Sou Kazuho. Otozuki Kei,FALSE,TRUE,FALSE,FALSE,drama. comedy. mystery. 20s. american,FALSE,FALSE,FALSE,FALSE,1,11,2002,7,11,2002
Snow,Reunion,再会,Saikai,National Tour,Ishida Masaya,Ishida Masaya,Nishimura Kouji,Ai Erina,Asami Hikaru,1,Maikaze Rira,1,N/A,TRUE,FALSE,FALSE,FALSE,drama. american. comedy,FALSE,FALSE,FALSE,FALSE,26,10,2002,17,11,2002
Snow,The Splendor of 1000 Beats 2002,華麗なる千拍子 2002,Karei Naru Sen Byoushi 2002,National Tour,Sakai Sumio. Nakamura Kazunori,Takagi Shirou,Nishimura Kouji. Kai Masato. Kuratomi Shinichi,Nakura Kayoko. Ieki Hiroshi. Ai Erina. Ootani Morio,Asami Hikaru,1,Maikaze Rira,1,N/A,TRUE,FALSE,FALSE,FALSE,revue,FALSE,FALSE,FALSE,FALSE,26,10,2002,17,11,2002
Moon,Yamato Yuuga Dinner Show - Possibility,大和悠河ディナーショー「POSSIBILITY」,Yamato Yuuga Dinner Show - Possibility,Daiichi  Hotel Tokyo,Sakai Sumio,N/A,Yoshida Yuuko,Wakao Risa,N/A,0,N/A,0,Yamato Yuuga,FALSE,FALSE,FALSE,TRUE,N/A,FALSE,FALSE,FALSE,FALSE,24,10,2002,25,10,2002
Moon,Yamato Yuuga Dinner Show - Possibility,大和悠河ディナーショー「POSSIBILITY」,Yamato Yuuga Dinner Show - Possibility,Takarazuka Hotel,Sakai Sumio,N/A,Yoshida Yuuko,Wakao Risa,N/A,0,N/A,0,Yamato Yuuga,FALSE,FALSE,FALSE,TRUE,N/A,FALSE,FALSE,FALSE,FALSE,21,10,2002,22,10,2002
Snow,Hopscotch,ホップ スコッチ －Hopscotch　石けり－,Hopscotch -Ishikeri-,Bow Hall,Oota Tetsunori,Oota Tetsunori,Yoshizaki Kenji. Maeda Shigezane. Kikawada Shin,Miyazaki Atsumi,N/A,0,N/A,0,Tatsuki You. Sou Kazuho. Otozuki Kei,FALSE,TRUE,FALSE,FALSE,drama. comedy. mystery. 20s. american,FALSE,FALSE,FALSE,FALSE,19,10,2002,28,10,2002
Senka. Moon. Snow,Switch -75th Collaboration-,バウ・パフォーマンス「Switch」―75thコラボレーション―,Switch -75th Collaboration-,Bow Hall,Fujii Daisuke,Fujii Daisuke,Miyahara Tooru. Kikawada Shin,Nakura Kayoko. Wakao Risa,N/A,0,N/A,0,Iori Naoka. Kozuki Wataru. Yoshizuki Eri. Miho Keiko,FALSE,TRUE,FALSE,FALSE,drama. revue. american,TRUE,movie,FALSE,FALSE,5,10,2002,12,10,2002
Flower,Elisabeth,エリザベート －愛と死の輪舞－,Elisabeth -Ai to Shi no Rondo-,Takarazuka Grand Theater,Koike Shuuichirou. Nakamura Kazunori,Michael Kunze,Sylvester Levay,Hayama Kiyomi. Shou Sumire. Maeda Kiyomi,Haruno Sumire,2,Ootori Rei,11,N/A,FALSE,TRUE,FALSE,FALSE,drama. european. fantasy. biography,FALSE,FALSE,TRUE,snow. star. cosmos,04,10,2002,18,11,2002
Cosmos,Legend of the Phoenix -Calaf & Turandot-,鳳凰伝 －カラフとトゥーランドット－,Hououden -Calaf to Turandot-,Tokyo Takarazuka Theater,Kimura Shinji,Kimura Shinji,Kai Masato,Hayama Kiyomi. Takemura Rui,Wao Youka,7,Hanafusa Mari,29,N/A,TRUE,FALSE,FALSE,FALSE,drama. ancient. chinese,TRUE,opera,FALSE,FALSE,28,9,2002,10,11,2002
Cosmos,The Showstopper,ザ・ショー・ストッパー,The Showstopper,Tokyo Takarazuka Theater,Miki Akio,Miki Akio,Takahashi Kuni. Yoshida Yuuko. Kuratomi Shinchi. Saitou Tsuneyoshi,Hayama Kiyomi. Nakura Kayoko. Sha Tamae,Wao Youka,7,Hanafusa Mari,29,N/A,TRUE,FALSE,FALSE,FALSE,revue,FALSE,FALSE,FALSE,FALSE,28,9,2002,10,11,2002
Star,Winter Garten,Winter Garten -Haru o machiwabu Fuyu no Teien-.ヴィンターガルテン －春を待ち侘ぶ冬の庭園－,,Nippon Seinenkan Hall,Saitou Yoshimasa,Saitou Yoshimasa,Takahashi Kuni. Miyahara Tooru,Koido Hideya. Miori Yumino. Wakao Risa,N/A,0,N/A,0,Asazumi Kei. Matobu Sei,FALSE,TRUE,FALSE,FALSE,drama. german. 30s,FALSE,FALSE,FALSE,FALSE,21,9,2002,27,9,2002
Star,Butterfly Lovers,蝶・恋,Tieh Lien,China Tour,Ueda Shinji,Ueda Shinji,Yoshida Yuuko,Hanayagi Yoshijirou,Kouju Tatsuki,4,Dan Rei,1,N/A,TRUE,FALSE,FALSE,FALSE,drama. ancient. nihonmono,TRUE,folklore. kabuki,FALSE,FALSE,13,9,2002,2,10,2002
Star,Southern Cross Revue in China,サザンクロス・レビュー・イン・チャイナ,Southern Cross Revue in China,China Tour,Kusano Akira,Kusano Akira,Takahashi Kuni. Kuratomi Shinichi. Miyagawa Akira,Hayama Kiyomi. Shou Sumire. Nakura Kayoko. Ueshima Yukio. Iga Yuuko,Kouju Tatsuki,4,Dan Rei,1,N/A,TRUE,FALSE,FALSE,FALSE,revue,FALSE,FALSE,FALSE,FALSE,13,9,2002,2,10,2002
Star,Winter Garten,ヴィンターガルテン －春を待ち侘ぶ冬の庭園－,Winter Garten -Haru o machiwabu Fuyu no Teien-,Bow Hall,Saitou Yoshimasa,Saitou Yoshimasa,Takahashi Kuni. Miyahara Tooru,Koido Hideya. Miori Yumino. Wakao Risa,N/A,0,N/A,0,Asazumi Kei. Matobu Sei,FALSE,TRUE,FALSE,FALSE,drama. german. 30s,FALSE,FALSE,FALSE,FALSE,7,9,2002,16,9,2002
Senka. Cosmos,Todoroki Yuu Special Concert - Stylish!,スタイリッシュ,Todoroki Yuu Special Concert - Stylish!,Aoyama Theater,Nakamura Satoru,N/A,N/A,N/A,N/A,0,N/A,0,Todoroki Yuu,FALSE,FALSE,FALSE,TRUE,N/A,FALSE,FALSE,FALSE,FALSE,3,9,2002,6,9,2002
Senka,Senka Encourage Special,専科エンカレッジ　スペシャル,Senka Encourage Special,Bow Hall,N/A,N/A,N/A,N/A,Bow Hall,0,N/A,0,N/A,FALSE,FALSE,TRUE,FALSE,N/A,FALSE,FALSE,FALSE,FALSE,29,8,2002,30,8,2002
Cosmos,Mizu Natsuki Dinner Show - Soul,水夏希ディナーショー「Soul」,Mizu Natsuki Dinner Show - Soul,Takarazuka Hotel,Ogita Kouichi,N/A,N/A,N/A,N/A,0,N/A,0,Mizu Natsuki,FALSE,FALSE,FALSE,TRUE,N/A,FALSE,FALSE,FALSE,FALSE,27,8,2002,28,8,2002
Moon,At the End of a Long Spring,長い春の果てに,Nagai Haru no Hate ni,Takarazuka Grand Theater,Ishida Masaya,Ishida Masaya,Nishimura Kouji,Ai Erina. Maeda Kiyomi,Shibuki Jun,5,Emi Kurara,5,N/A,TRUE,FALSE,FALSE,FALSE,drama. comedy. french,TRUE,film,FALSE,FALSE,23,8,2002,30,9,2002
Moon,With a Song in My Heart,With a Song in my Heart －君が歌、わが心に深く－,With a Song in My Heart -Kimi ga Uta. Waga Kokoro ni Fukaku-,Takarazuka Grand Theater,Okada Keiji,Okada Keiji,Yoshizaki Kenji. Takahashi Kuni. Kai Masato. Miyahara Tooru. Kikawada Shin,Hayama Kiyomi. Tsukasa Konomi. Ootani Morio. Muromachi Akane. Miori Yumino,Shibuki Jun,5,Emi Kurara,5,N/A,TRUE,FALSE,FALSE,FALSE,revue,TRUE,broadway,FALSE,FALSE,23,8,2002,30,9,2002
Flower,Shadow of the Moon,月の燈影,Tsuki no Hokage,Nippon Seinenkan Hall,Oono Takuji,Oono Takuji,Takahashi Kuni. Kikawada Shin,Yamamura Waka. Nishizaki Mine,N/A,0,N/A,0,Ayabuki Mao,FALSE,TRUE,FALSE,FALSE,drama. nihonmono.,FALSE,FALSE,FALSE,FALSE,16,8,2002,22,8,2002
Snow,Memories of Barcelona,追憶のバルセロナ,Tsuioku no Barcelona,Tokyo Takarazuka Theater,Masatsuka Haruhiko,Masatsuka Haruhito,Takahashi Kuni. Miyahara Tooru,Iga Yuuko. Hirasawa Satoshi,Emao Yuu,2,Konno Mahiru,2,N/A,TRUE,FALSE,FALSE,FALSE,drama. spanish,FALSE,FALSE,FALSE,FALSE,16,8,2002,23,9,2002
Snow,On the Fifth,ON THE 5th －ヴィレッヂからハーレムまで－,On the Fifth -From the Village to Harlem-,Tokyo Takarazuka Theater,Kusano Akira,Kusano Akira,Kobayashi Kouhei. Takahashi Kuni. Kuratomi Shinichi,Randy Skinner. Hayama Kiyomi. Ueshima Yukio. Iga Yuuko,Emao Yuu,2,Konno Mahiru,2,N/A,TRUE,FALSE,FALSE,FALSE,revue,FALSE,FALSE,FALSE,FALSE,16,8,2002,23,9,2002
Flower,Love Blooms Out on the Murasakino,あかねさす紫の花,Akanesasu Murasaki no Hana,Hakataza Theater,Shibata Yukihiro. Onoe Kikunojou,Shibata Yukihiro,Yoshida Yuuko. Terada Takio,Onoe Kikunojou. Onoe Seifuu,Haruno Sumire,1,Ootori Rei,10,N/A,TRUE,FALSE,FALSE,FALSE,drama. nihonmono,FALSE,FALSE,TRUE,flower. snow. moon.,3,8,2002,25,8,2002
Flower,Cocktail,Cocktail －カクテル－,Cocktail ,Hakataza Theater,Fuiji Daisuke,Fuiji Daisuke,Takahashi Kuni. Kuratomi Shinichi. Miyahara Tooru,Hayama Kiyomi. Kenji Nakao. Miori Yumino. Wakao Risa. ANJU,Haruno Sumire,1,Ootori Rei,10,N/A,TRUE,FALSE,FALSE,FALSE,revue,FALSE,FALSE,FALSE,FALSE,3,8,2002,25,8,2002
Flower,Shadow of the Moon,月の燈影,Tsuki no Hokage,Bow Hall,Oono Takuji,Oono Takuji,Takahashi Kuni. Kikawada Shin,Yamamura Waka. Nishizaki Mine,N/A,0,N/A,0,Ayabuki Mao,FALSE,TRUE,FALSE,FALSE,drama. nihonmono.,FALSE,FALSE,FALSE,FALSE,2,8,2002,11,8,2002
Snow,Emao Yuu Live Concert YU EMAO LIVE IN BLITZ,絵麻緒ゆうライブコンサート YU　EMAO　LIVE　IN　BLITZ,Emao Yuu Live Concert YU EMAO LIVE IN BLITZ,Akasaka Blitz,Nakamura Satoru. Ishida Masaya,N/A,N/A,N/A,N/A,0,N/A,0,Emao Yuu,FALSE,FALSE,FALSE,TRUE,N/A,FALSE,FALSE,FALSE,FALSE,27,7,2002,28,7,2002
Snow,2002 Takarazuka Paris Festival,2002宝塚巴里祭,2002 Takarazuka Parisai,Palace Hotel,N/A,N/A,N/A,N/A,N/A,0,N/A,0,Takashiro Kei,FALSE,TRUE,TRUE,FALSE,french,FALSE,FALSE,FALSE,FALSE,25,7,2002,26,7,2002
Snow,2002 Takarazuka Paris Festival,2002宝塚巴里祭,2002 Takarazuka Parisai,Hankyu Hotel International,N/A,N/A,N/A,N/A,N/A,0,N/A,0,Takashiro Kei,FALSE,TRUE,TRUE,FALSE,french,FALSE,FALSE,FALSE,FALSE,22,7,2002,23,7,2002
Senka. Snow,Naruse Kouki Dinner Show - SMILE,成瀬こうきディナーショー「ＳＭＩＬＥ」,Naruse Kouki Dinner Show - SMILE,Takarazuka Hotel,N/A,N/A,N/A,N/A,N/A,0,N/A,0,Naruse Kouki,FALSE,FALSE,FALSE,TRUE,N/A,FALSE,FALSE,FALSE,FALSE,18,7,2002,19,7,2002
Senka. Snow,Naruse Kouki Dinner Show - SMILE,成瀬こうきディナーショー「ＳＭＩＬＥ」,Naruse Kouki Dinner Show - SMILE,Hotel Grand Palace,N/A,N/A,N/A,N/A,N/A,0,N/A,0,Naruse Kouki,FALSE,FALSE,FALSE,TRUE,N/A,FALSE,FALSE,FALSE,FALSE,15,7,2002,16,7,2002
Cosmos,Legend of the Phoenix -Calaf & Turandot-,鳳凰伝 －カラフとトゥーランドット－,Hououden -Calaf to Turandot-,Takarazuka Grand Theater,Kimura Shinji,Kimura Shinji,Kai Masato,Takemura Rui. Hayama Kiyomi,Wao Youka,7,Hanafusa Mari,29,N/A,TRUE,FALSE,FALSE,FALSE,drama,TRUE,opera,FALSE,FALSE,12,7,2002,19,8,2002
Cosmos,The Showstopper,ザ・ショー・ストッパー,The Showstopper,Takarazuka Grand Theater,Miki Akio,Miki Akio,Saitou Tsuneyoshi. Kuratomi Shinichi. Yoshida Yuuko. Takahashi Kuni,Sha Tamae. Nakura Kayoko. Hayama Kiyomi,Wao Youka,7,Hanafusa Mari,29,N/A,TRUE,FALSE,FALSE,FALSE,revue,FALSE,FALSE,FALSE,FALSE,12,7,2002,19,8,2002
Moon,Slapstick,SLAPSTICK,Slapstick,Nippon Seinenkan Hall,Koyanagi Naoko,Koyanagi Naoko,Kai Masato. Yoshida Yuuko,Wakao Risa. Miori Yumino,N/A,0,N/A,0,Kiriya Hiromu. Shijou Rui,FALSE,TRUE,FALSE,FALSE,drama. comedy. american. 10s.,TRUE,biography,FALSE,FALSE,4,7,2002,10,7,2002
Star,Lucky Star!,LUCKY STAR！,Lucky Star!,Tokyo Takarazuka Theater,Nakamura Kazunori,Nakamura Kazunori,Kuratomi Shinichi. Kai Masato. Nishimura Kouji,KAZUMI-BOY. Ootani Morio. Ai Erina. Ieki Hiroshi,Kouju Tatsuki,3,Nagisa Aki,3,N/A,TRUE,FALSE,FALSE,FALSE,revue,FALSE,FALSE,FALSE,FALSE,28,6,2002,11,8,2002
Star,The Prague Spring,プラハの春,Puraha no Haru,Tokyo Takarazuka Theater,Tani Masazumi,Tani Masazumi,Miyahara Tooru. Yoshizaki Kenji,Yamamura Waka. Shou Sumire,Kouju Tatsuki,3,Nagisa Aki,3,N/A,TRUE,FALSE,FALSE,FALSE,drama. european. 60s.,TRUE,novel,FALSE,FALSE,28,6,2002,11,8,2002
Star,Kouju Tatsuki Dinner Show - The Silent Revolution,Kouju Tatsuki Dinner Show - Shizuka Naru Kakumei.香寿たつきディナーショー「静かなる革命」,Kouju Tatsuki Dinner Show - The Silent Revolution,Royton Sapporo,Ogita Kouichi,N/A,N/A,N/A,N/A,0,N/A,0,Kouju Tatsuki,FALSE,FALSE,FALSE,TRUE,N/A,FALSE,FALSE,FALSE,FALSE,23,6,2002,23,6,2002
Moon,Slapstick,SLAPSTICK,Slapstick,Bow Hall,Koyanagi Naoko,Koyanagi Naoko,Kai Masato. Yoshida Yuuko,Wakao Risa. Miori Yumino,N/A,0,N/A,0,Kiriya Hiromu. Shijou Rui,FALSE,TRUE,FALSE,FALSE,drama. comedy. american. 10s.,TRUE,biography,FALSE,FALSE,21,6,2002,30,6,2002
Moon,Sarang ・ Love,サラン・愛,Sarang ・ Love,National Tour,Nakamura Kazunori,Nakamura Kazunori,Kuratomi Shinichi. Yoshida Yuuko. Takahashi Kuni,Wakao Risa. Miori Yumino. Nakura Kayoko. Hayama Kiyomi,Shibuki Jun,4,Emi Kurara,4,,TRUE,FALSE,FALSE,FALSE,drama. korean. 1600s. romance.,FALSE,FALSE,TRUE,flower,15,6,2002,7,7,2002
Moon,Jazzmania,ジャズマニア,Jazzmania,National Tour,Miki Akio,Miki Akio,Takahashi Kuni. Yoshida Yuuko. Kuratomi Shinichi,,Shibuki Jun,4,Emi Kurara,4,,TRUE,FALSE,FALSE,FALSE,revue,FALSE,FALSE,FALSE,FALSE,15,6,2002,7,7,2002
Star,Kouju Tatsuki Dinner Show - The Silent Revolution,Kouju Tatsuki Dinner Show - Shizuka Naru Kakumei.香寿たつきディナーショー「静かなる革命」,Kouju Tatsuki Dinner Show - The Silent Revolution,Palace Hotel,Ogita Kouichi,N/A,N/A,N/A,N/A,0,N/A,0,Kouju Tatsuki,FALSE,FALSE,FALSE,TRUE,N/A,FALSE,FALSE,FALSE,FALSE,26,5,2002,27,5,2002
Snow,Memories of Barcelona,追憶のバルセロナ,Tsuioku no Barcelona,Takarazuka Grand Theater,Masatsuka Haruhiko,Masatsuka Haruhiko,Miyahara Tooru. Takahashi Kuni,Hirasawa Satoshi. Iga Yuuko,Emao Yuu,2,Konno Mahiru,2,N/A,TRUE,FALSE,FALSE,FALSE,drama. spanish,FALSE,FALSE,FALSE,FALSE,24,5,2002,8,7,2002
Snow,On the Fifth,ON THE 5th －ヴィレッヂからハーレムまで－,On the Fifth -From the Village to Harlem-,Takarazuka Grand Theater,Kusano Akira,Kusano Akira,Kuratomi Shinichi. Takahashi Kuni,Iga Yuuko. Ueshima Yukio. Hayama Kiyomi Randy Skinner. ,Emao Yuu,2,Konno Mahiru,2,N/A,TRUE,FALSE,FALSE,FALSE,revue,FALSE,FALSE,FALSE,FALSE,24,5,2002,8,7,2002
Star,Kouju Tatsuki Dinner Show - The Silent Revolution,Kouju Tatsuki Dinner Show - Shizuka Naru Kakumei.香寿たつきディナーショー「静かなる革命」,Kouju Tatsuki Dinner Show - The Silent Revolution,Hotel Hankyu International,Ogita Kouichi,N/A,N/A,N/A,N/A,0,N/A,0,Kouju Tatsuki,FALSE,FALSE,FALSE,TRUE,N/A,FALSE,FALSE,FALSE,FALSE,23,5,2002,24,5,2002
Cosmos,The Age of Innocence,エイジ・オブ・イノセンス －美徳の微笑－,The Age of Innocence,Nippon Seinenkan Hall,Ueda Keiko,Ueda Keiko,Kai Masato. Yoshida Yuuko,Miori Yumino. Masaki Rino,N/A,0,N/A,0,Tsubaki Hiroka. Fuzuki Miyo,FALSE,TRUE,FALSE,FALSE,drama. 1870s. american.,TRUE,novel,FALSE,FALSE,11,5,2002,17,5,2002
Flower,In the Amber-Hued Rain,琥珀色の雨にぬれて,Kohakuiro no Ame ni Nurete,Tokyo Takarazuka Theater,Shibata Yukihiro,Shibata Yukihiro,Miyahara Tooru. Kuratomi Shinichi. Takahashi Kuni: ,ANJU. Wakao Risa. Miori Yumino. Kenji Nakao. Hayama Kiyomi: ,Takumi Hibiki,2,Ootori Rei,9,Haruno Sumire,TRUE,FALSE,FALSE,FALSE,drama. romance. 20s. european,FALSE,FALSE,TRUE,flower,11,5,2002,23,6,2002
Flower,Cocktail,Cocktail －カクテル－,Cocktail,Tokyo Takarazuka Theater,Fujii Daisuke,Fujii Daisuke,,,Takumi Hibiki,2,Ootori Rei,9,Haruno Sumire,TRUE,FALSE,FALSE,FALSE,revue,FALSE,FALSE,FALSE,FALSE,11,5,2002,23,6,2002
Cosmos,The Age of Innocence,エイジ・オブ・イノセンス －美徳の微笑－,Age of Innocence -Bitoku no Bijou-,Bow Hall,Ueda Keiko,Ueda Keiko,Kai Masato. Yoshida Yuuko,Miori Yumino. Masaki Rino,N/A,0,N/A,0,Tsubaki Hiroka. Fuzuki Miyo,FALSE,TRUE,FALSE,FALSE,drama. 1870s. american.,TRUE,novel,FALSE,FALSE,28,4,2002,6,5,2002
Cosmos,Castel Mirage,カステル・ミラージュ ～消えない蜃気楼～,Castel Mirage ~Kienai Shinkirou~,National Tour,Koike Shuuichirou,Koike Shuuichirou,Kai Masato. Yoshida Yuuko,Kanamori Jou. Miori Yumino. Maeda Kiyomi,Wao Youka,6,Hanafusa Mari,28,N/A,TRUE,FALSE,FALSE,FALSE,drama. american. ,TRUE,biography,FALSE,FALSE,27,4,2002,19,5,2002
Cosmos,Dancing Spirit!,ダンシング・スピリット！,Dancing Spirit!,National Tour,Nakamura Kazunori,Nakamura Kazunori,Kuratomi Shinichi. Kai Masato. Nishimura Kouji,KAZUMI-BOY. Ootani Morio. Ai Erina. Ieki Hiroshi. Nakura Kayoko,Wao Youka,6,Hanafusa Mari,28,N/A,TRUE,FALSE,FALSE,FALSE,revue,FALSE,FALSE,FALSE,FALSE,27,4,2002,19,5,2002
Flower,Gone with the Wind,風と共に去りぬ,Kaze to Tomo ni Sarinu,Nissay Theater,Tani Masazumi. Ueda Shinji,Ueda Shinji,Terada Takio. Yoshida Yuuko. Irie Kaoru. Tokura Shunichi,Kurotaki Tsukio. Kita Hiroshi. Oka Masami. Wakao Risa. Shou Sumire. Hayama Kiyomi,Todoroki Yuu,14,N/A,0,N/A,FALSE,TRUE,FALSE,FALSE,drama. american. 1800s.,TRUE,novel,TRUE,flower. snow. moon. star.,18,4,2002,29,4,2002
Flower,Diamond Eyes,ダイヤモンド・アイズ,Diamond Eyes,Drama City,Fujii Daisuke,Fujii Daisuke,Miyahara Tooru. Takahashi Kuni,Hirasawa Satoshi. Iida Satoko. Miori Yumino,N/A,0,N/A,0,Kizuki Ayumu. Kaede Saki. Takashou Mizuki,FALSE,TRUE,TRUE,FALSE,concert,FALSE,FALSE,FALSE,FALSE,18,4,2002,21,4,2002
Star,Lucky Star!,LUCKY STAR！,Lucky Star!,Takarazuka Grand Theater,Nakamura Kazunori,Nakamura Kazunori,Kuratomi Shinichi. Kai Masato. Nishimura Kouji,KAZUMI-BOY. Ootani Morio. Ai Erina. Ieki Hiroshi,Kouju Tatsuki,3,Nagisa Aki,3,N/A,TRUE,FALSE,FALSE,FALSE,revue,FALSE,FALSE,FALSE,FALSE,12,4,2002,20,5,2002
Star,The Prague Spring,プラハの春,Puraha no Haru,Takarazuka Grand Theater,Tani Masazumi,Tani Masazumi,Miyahara Tooru. Yoshizaki Kenji,Yamamura Waka. Shou Sumire,Kouju Tatsuki,3,Nagisa Aki,3,N/A,TRUE,FALSE,FALSE,FALSE,drama. european. 60s.,TRUE,novel,FALSE,FALSE,12,4,2002,20,5,2002
Snow,Gone with the Wind,風と共に去りぬ,Kaze to Tomo ni Sarinu,Nissay Theater,Tani Masazumi. Ueda Shinji,Ueda Shinji,Terada Takio. Yoshida Yuuko. Irie Kaoru. Tokura Shunichi,Kurotaki Tsukio. Kita Hiroshi. Oka Masami. Wakao Risa. Shou Sumire. Hayama Kiyomi,Todoroki Yuu,14,N/A,0,Asami Hikaru,FALSE,TRUE,FALSE,FALSE,drama. american. 1800s.,TRUE,novel,TRUE,flower. snow. moon. star.,6,4,2002,16,4,2002
Snow,Complete Devotion,殉　情,Junjou,Akasaka ACT Theater,Ishida Masaya,Ishida Masaya,Nishimura Kouji,Ai Erina. Hanayagi Yoshijirou,Emao Yuu,1,Konno Mahiru,1,N/A,FALSE,TRUE,FALSE,FALSE,drama. nihonmono,TRUE,novel,TRUE,star,31,3,2002,7,4,2002
Moon,Guys and Dolls,ガイズ＆ドールズ －GUYS & DOLLS－,Guys and Dolls,Tokyo Takarazuka Theater,Sakai Sumio. Miki Akio,N/A,N/A,N/A,Shibuki Jun,3,Emi Kurara,3,N/A,FALSE,TRUE,FALSE,FALSE,drama. american. 50s.,FALSE,FALSE,FALSE,FALSE,29,3,2002,6,5,2002
Snow,Takashiro Kei Dinner Show - off,貴城けいディナーショー「ｏｆｆ」,Takashiro Kei Dinner Show - off,Daiichi Hotel Tokyo,N/A,N/A,N/A,N/A,N/A,0,N/A,0,Takashiro Kei,FALSE,FALSE,FALSE,TRUE,N/A,FALSE,FALSE,FALSE,FALSE,18,3,2002,19,3,2002
Snow,Complete Devotion,殉　情,Junjou,Theater Drama City,Ishida Masaya,Ishida Masaya,Nishimura Kouji,Ai Erina. Hanayagi Yoshijirou,Emao Yuu,1,Konno Mahiru,1,N/A,FALSE,TRUE,FALSE,FALSE,drama. nihonmono,TRUE,novel,TRUE,star,16,3,2002,25,3,2002
Snow,Takashiro Kei Dinner Show - off,貴城けいディナーショー「ｏｆｆ」,Takashiro Kei Dinner Show - off,Takarazuka Hotel,N/A,N/A,N/A,N/A,N/A,0,N/A,0,Takashiro Kei,FALSE,FALSE,FALSE,TRUE,N/A,FALSE,FALSE,FALSE,FALSE,12,3,2002,13,3,2002
Flower,In the Amber-Hued Rain,琥珀色の雨にぬれて,Kohakuiro no Ame ni Nurete,Takarazuka Grand Theater,Shibata Yukihiro,Shibata Yukihiro,Takahashi Kuni. Yoshida Yuuko. Terada Takio,Muromachi Akane. Tsukasa Konomi,Takumi Hibiki,2,Ootori Rei,9,N/A,TRUE,FALSE,FALSE,FALSE,drama. romance. 20s. european,FALSE,FALSE,TRUE,flower,1,3,2002,8,4,2002
Flower,Cocktail,Cocktail －カクテル－,Cocktail,Takarazuka Grand Theater,Fujii Daisuke,Fujii Daisuke,Miyahara Tooru. Kuratomi Shinichi. Takahashi Kuni,ANJU. Wakao Risa. Miori Yumino. Kenji Nakao. Hayama Kiyomi: ,Takumi Hibiki,2,Ootori Rei,9,N/A,TRUE,FALSE,FALSE,FALSE,revue,FALSE,FALSE,FALSE,FALSE,1,3,2002,8,4,2002
Star,Yumeki Noa Dinner Show - feel,夢輝のあディナーショー「ｆｅｅｌ」,Yumeki Noa Dinner Show - feel,Hotel Grand Palace,N/A,N/A,N/A,N/A,N/A,0,N/A,0,Yumeki Noa,FALSE,FALSE,FALSE,TRUE,N/A,FALSE,FALSE,FALSE,FALSE,1,3,2002,1,3,2002
Star,Yumeki Noa Dinner Show - feel,夢輝のあディナーショー「ｆｅｅｌ」,Yumeki Noa Dinner Show - feel,Hotel Grand Palace,N/A,N/A,N/A,N/A,N/A,0,N/A,0,Yumeki Noa,FALSE,FALSE,FALSE,TRUE,N/A,FALSE,FALSE,FALSE,FALSE,28,2,2002,28,2,2002
Star,Yumeki Noa Dinner Show - feel,夢輝のあディナーショー「ｆｅｅｌ」,Yumeki Noa Dinner Show - feel,Takarazuka Hotel,N/A,N/A,N/A,N/A,N/A,0,N/A,0,Yumeki Noa,FALSE,FALSE,FALSE,TRUE,N/A,FALSE,FALSE,FALSE,FALSE,25,2,2002,26,2,2002
Star,Kozuki Wataru Dinner Show - Aqua－Blue Skies－,Kozuki Wataru Dinner Show - Aqua－Aozora－.湖月わたるディナーショー「Aqua－碧空－」,Kozuki Wataru Dinner Show - Aqua－Blue Skies－,Shin Hankyu Hotel,N/A,N/A,N/A,N/A,N/A,0,N/A,0,Kozuki Wataru,FALSE,FALSE,FALSE,TRUE,N/A,FALSE,FALSE,FALSE,FALSE,18,2,2002,19,2,2002
Cosmos,Castel Mirage,カステル・ミラージュ ～消えない蜃気楼～,Castel Mirage ~Kienai Shinkirou~,Tokyo Takarazuka Theater,Koike Shuuichirou,Koike Shuuichirou,Kai Masato. Yoshida Yuuko,Kanamori Jou. Miori Yumino. Maeda Kiyomi,Wao Youka,5,Hanafusa Mari,27,N/A,TRUE,FALSE,FALSE,FALSE,drama. american. ,TRUE,biography,FALSE,FALSE,16,2,2002,24,3,2002
Cosmos,Dancing Spirit!,ダンシング・スピリット！,Dancing Spirit!,Tokyo Takarazuka Theater,Nakamura Kazunori,Nakamura Kazunori,Kuratomi Shinichi. Kai Masato. Nishimura Kouji,KAZUMI-BOY. Ootani Morio. Ai Erina. Ieki Hiroshi. Nakura Kayoko,Wao Youka,5,Hanafusa Mari,27,N/A,TRUE,FALSE,FALSE,FALSE,revue,FALSE,FALSE,FALSE,FALSE,16,2,2002,24,3,2002
Star,Kozuki Wataru Dinner Show - Aqua－Blue Skies－,Kozuki Wataru Dinner Show - Aqua－Aozora－.湖月わたるディナーショー「Aqua－碧空－」,Kozuki Wataru Dinner Show - Aqua－Blue Skies－,Daiichi Hotel Tokyo,N/A,N/A,N/A,N/A,N/A,0,N/A,0,Kozuki Wataru,FALSE,FALSE,FALSE,TRUE,N/A,FALSE,FALSE,FALSE,FALSE,11,2,2002,12,2,2002
Star,Revolt of a Gallant Poet,花の業平 ～忍ぶの乱れ～,Hana no Narihira ~Shinobu no Midare~,Chunichi Theater,Onoe Kikujou,Shibata Yukihiro,Yoshida Yuuko,Onoe Kikujou,Kouju Tatsuki,2,Nagisa Aki,2,N/A,TRUE,FALSE,FALSE,FALSE,drama. japanese. ancient. nihonmono,FALSE,FALSE,FALSE,FALSE,2,2,2002,21,1,2002
Star,Southern Cross Revue II,サザンクロス・レビューII,Southern Cross Revue II,Chunichi Theater,Kusano Akira,Kusano Akira,Takahashi Kuni. Kuratomi Shinichi. Miyagawa Akira,Iga Yuuko. Ueshima Yukio. Nakura Kayoko. Shou Sumire. Hayama Kiyomi,Kouju Tatsuki,2,Nagisa Aki,2,N/A,TRUE,FALSE,FALSE,FALSE,revue,FALSE,FALSE,TRUE,star,2,2,2002,21,2,2002
Senka. Flower,Shiokaze Kou Dinner Show - One-derful,汐風幸ディナーショー「One-derful」,Shiokaze Kou Dinner Show - One-derful,Hotel Grand Palace,N/A,N/A,N/A,N/A,N/A,0,N/A,0,Shiokaze Kou,FALSE,FALSE,FALSE,TRUE,N/A,FALSE,FALSE,FALSE,FALSE,19,1,2002,20,1,2002
Senka. Flower,Shiokaze Kou Dinner Show - One-derful,汐風幸ディナーショー「One-derful」,Shiokaze Kou Dinner Show - One-derful,Takarazuka Hotel,N/A,N/A,N/A,N/A,N/A,0,N/A,0,Shiokaze Kou,FALSE,FALSE,FALSE,TRUE,N/A,FALSE,FALSE,FALSE,FALSE,16,1,2002,17,1,2002
Flower,Kaede Saki Dinner Show - MIRROR,楓沙樹ディナーショー「ＭＩＲＲＯＲ」,Kaede Saki Dinner Show - MIRROR,Hotel Grand Palace,N/A,N/A,N/A,N/A,N/A,0,N/A,0,Kaede Saki,FALSE,FALSE,FALSE,TRUE,N/A,FALSE,FALSE,FALSE,FALSE,13,1,2002,14,1,2002
Cosmos,Cosmos Troupe Encourage Concert,宙組エンカレッジ・コンサート,Cosmos Troupe Encourage Concert,Bow Hall,N/A,N/A,N/A,N/A,N/A,0,N/A,0,N/A,FALSE,TRUE,TRUE,FALSE,concert,FALSE,FALSE,FALSE,FALSE,12,1,2002,14,1,2002
Flower,Kaede Saki Dinner Show - MIRROR,楓沙樹ディナーショー「ＭＩＲＲＯＲ」,Kaede Saki Dinner Show - MIRROR,Takarazuka Hotel,N/A,N/A,N/A,N/A,N/A,0,N/A,0,Kaede Saki,FALSE,FALSE,FALSE,TRUE,N/A,FALSE,FALSE,FALSE,FALSE,9,1,2002,10,1,2002
Flower,Canary,カナリア,Canary,Le Theatre Ginza,Masatsuka Haruhiko,Masatsuka Haruhiko,Takahashi Kuni. Miyahara Tooru,Iga Yuuko. Hirasawa Satoshi,Takumi Hibiki,1,Ootori Rei,8,N/A,FALSE,TRUE,FALSE,FALSE,drama. comedy. supernatural. french,FALSE,FALSE,FALSE,FALSE,4,1,2002,13,1,2002
Snow,Flaming Love,愛 燃える －呉王夫差－,Ai Moeru -Goou Fusa-,Tokyo Takarazuka Theater,Sakai Sumio,Sakai Sumio,Yoshida Yuuko. Kuratomi Shinichi,Hanayagi Yoshijirou. Wakao Risa,Todoroki Yuu,13,Tsukikage Hitomi,14,N/A,TRUE,FALSE,FALSE,FALSE,drama. ancient. chinese,FALSE,FALSE,FALSE,FALSE,2,1,2002,11,2,2002
Snow,Rose Garden,Rose Garden,Rose Garden,Tokyo Takarazuka Theater,Okada Keiji,Okada Keiji,Yoshizaki Kenji. Takahashi Kuni. Kai Masato. Miyahara Tooru,Hayama Kiyomi. Ootani Morio. Muromachi Akane. Miori Yumino,Todoroki Yuu,13,Tsukikage Hitomi,14,N/A,TRUE,FALSE,FALSE,FALSE,revue. taidan,FALSE,FALSE,FALSE,FALSE,2,1,2002,11,2,2002
Moon,Guys and Dolls,ガイズ＆ドールズ －GUYS & DOLLS－,Guys and Dolls,Takarazuka Grand Theater,Sakai Sumio. Miki Akio,N/A,N/A,N/A,Shibuki Jun,3,Emi Kurara,3,N/A,FALSE,TRUE,FALSE,FALSE,drama. american. 50s.,FALSE,FALSE,FALSE,FALSE,1,1,2002,12,2,2002